method,dataset,trial,n_features,n_samples,converged,iterations,f_evals,cpu_time,residual,accuracy
SOPP,a1a.t,1,123,30956,true,293,586,2.236427300,9.675374e-12,0.733816
SDLP,a1a.t,1,123,30956,true,157,315,0.998090300,9.738693e-12,0.733816
MOPCGM,a1a.t,1,123,30956,true,2464,4928,11.973007900,9.969983e-12,0.733816
CGPM,a1a.t,1,123,30956,true,633,1427,3.521972800,9.406499e-12,0.733816
STTDFPM,a1a.t,1,123,30956,true,132,390,1.033744300,9.663529e-12,0.733816
SOPP,a1a.t,2,123,30956,true,290,580,1.395587600,9.613934e-12,0.733816
SDLP,a1a.t,2,123,30956,true,155,311,0.722650000,9.489854e-12,0.733816
MOPCGM,a1a.t,2,123,30956,true,2437,4874,11.837868500,9.927473e-12,0.733816
CGPM,a1a.t,2,123,30956,true,624,1404,3.355915900,9.587492e-12,0.733816
STTDFPM,a1a.t,2,123,30956,true,152,422,1.037776800,7.451453e-12,0.733816
SOPP,a1a.t,3,123,30956,true,291,582,1.372382000,9.696836e-12,0.733816
SDLP,a1a.t,3,123,30956,true,156,313,0.779371900,9.335986e-12,0.733816
MOPCGM,a1a.t,3,123,30956,true,2447,4894,11.818823300,9.939821e-12,0.733816
CGPM,a1a.t,3,123,30956,true,625,1407,3.339113800,9.593641e-12,0.733816
STTDFPM,a1a.t,3,123,30956,true,149,422,1.050555300,8.540704e-12,0.733816
SOPP,a1a.t,4,123,30956,true,287,575,1.387229900,9.943605e-12,0.733816
SDLP,a1a.t,4,123,30956,true,154,308,0.801063800,9.718866e-12,0.733816
MOPCGM,a1a.t,4,123,30956,true,2418,4836,11.624181700,9.953834e-12,0.733816
CGPM,a1a.t,4,123,30956,true,613,1377,3.623917100,9.905492e-12,0.733816
STTDFPM,a1a.t,4,123,30956,true,154,433,1.119952900,9.039890e-12,0.733816
SOPP,a1a.t,5,123,30956,true,290,580,1.627922000,9.682655e-12,0.733816
SDLP,a1a.t,5,123,30956,true,156,312,0.732958400,9.315879e-12,0.733816
MOPCGM,a1a.t,5,123,30956,true,2438,4876,11.788533500,9.980430e-12,0.733816
CGPM,a1a.t,5,123,30956,true,581,1301,3.091871500,9.906195e-12,0.733816
STTDFPM,a1a.t,5,123,30956,true,166,452,1.055023000,9.486165e-12,0.733816
SOPP,a2a.t,1,123,30296,true,293,586,1.350146500,9.676797e-12,0.733826
SDLP,a2a.t,1,123,30296,true,157,315,0.871797300,9.740264e-12,0.733826
MOPCGM,a2a.t,1,123,30296,true,2464,4928,11.366959400,9.971324e-12,0.733826
CGPM,a2a.t,1,123,30296,true,632,1425,3.276200400,9.594802e-12,0.733826
STTDFPM,a2a.t,1,123,30296,true,161,434,1.010127300,9.942191e-12,0.733826
SOPP,a2a.t,2,123,30296,true,290,580,1.410767600,9.611613e-12,0.733826
SDLP,a2a.t,2,123,30296,true,155,311,0.735311700,9.486631e-12,0.733826
MOPCGM,a2a.t,2,123,30296,true,2437,4874,12.955899400,9.924833e-12,0.733826
CGPM,a2a.t,2,123,30296,true,622,1399,3.412851900,9.875192e-12,0.733826
STTDFPM,a2a.t,2,123,30296,true,144,423,0.948827100,9.511296e-12,0.733826
SOPP,a2a.t,3,123,30296,true,291,582,1.385537200,9.694487e-12,0.733826
SDLP,a2a.t,3,123,30296,true,156,313,0.796585200,9.334037e-12,0.733826
MOPCGM,a2a.t,3,123,30296,true,2447,4894,11.781938600,9.937237e-12,0.733826
CGPM,a2a.t,3,123,30296,true,624,1405,3.248623400,9.698689e-12,0.733826
STTDFPM,a2a.t,3,123,30296,true,161,443,1.007137300,8.685801e-12,0.733826
SOPP,a2a.t,4,123,30296,true,287,575,1.360748500,9.942968e-12,0.733826
SDLP,a2a.t,4,123,30296,true,154,308,0.712304500,9.716763e-12,0.733826
MOPCGM,a2a.t,4,123,30296,true,2418,4836,11.725576500,9.953053e-12,0.733826
CGPM,a2a.t,4,123,30296,true,612,1375,3.315028700,9.605185e-12,0.733826
STTDFPM,a2a.t,4,123,30296,true,130,390,0.880775600,8.561641e-12,0.733826
SOPP,a2a.t,5,123,30296,true,290,580,1.353393300,9.688056e-12,0.733826
SDLP,a2a.t,5,123,30296,true,156,312,0.701411300,9.324529e-12,0.733826
MOPCGM,a2a.t,5,123,30296,true,2438,4876,11.712962800,9.986420e-12,0.733826
CGPM,a2a.t,5,123,30296,true,581,1302,3.056870900,9.629885e-12,0.733826
STTDFPM,a2a.t,5,123,30296,true,137,379,0.857776500,9.449984e-12,0.733826
SOPP,a3a.t,1,123,29376,true,293,586,1.283518100,9.677367e-12,0.734613
SDLP,a3a.t,1,123,29376,true,157,315,0.680958300,9.739622e-12,0.734613
MOPCGM,a3a.t,1,123,29376,true,2464,4928,10.951952900,9.971814e-12,0.734613
CGPM,a3a.t,1,123,29376,true,632,1425,3.290830600,9.701252e-12,0.734613
STTDFPM,a3a.t,1,123,29376,true,133,392,0.863164600,9.041372e-12,0.734613
SOPP,a3a.t,2,123,29376,true,290,580,1.276759400,9.607621e-12,0.734613
SDLP,a3a.t,2,123,29376,true,155,311,0.660477100,9.481313e-12,0.734613
MOPCGM,a3a.t,2,123,29376,true,2437,4874,10.918001400,9.920573e-12,0.734613
CGPM,a3a.t,2,123,29376,true,626,1407,3.068621000,9.999520e-12,0.734613
STTDFPM,a3a.t,2,123,29376,true,151,426,0.952078800,9.365599e-12,0.734613
SOPP,a3a.t,3,123,29376,true,291,582,1.224765000,9.686000e-12,0.734613
SDLP,a3a.t,3,123,29376,true,156,313,0.659373500,9.321083e-12,0.734613
MOPCGM,a3a.t,3,123,29376,true,2447,4894,11.155121700,9.927949e-12,0.734613
CGPM,a3a.t,3,123,29376,true,624,1405,3.088866000,9.741235e-12,0.734613
STTDFPM,a3a.t,3,123,29376,true,164,469,0.979291100,8.422998e-12,0.734613
SOPP,a3a.t,4,123,29376,true,287,575,1.252505600,9.952981e-12,0.734613
SDLP,a3a.t,4,123,29376,true,154,308,0.647748900,9.729097e-12,0.734613
MOPCGM,a3a.t,4,123,29376,true,2418,4836,10.622735400,9.963835e-12,0.734613
CGPM,a3a.t,4,123,29376,true,612,1375,2.987695000,9.714058e-12,0.734613
STTDFPM,a3a.t,4,123,29376,true,147,405,0.889959300,7.363980e-12,0.734613
SOPP,a3a.t,5,123,29376,true,290,580,1.256004300,9.690514e-12,0.734613
SDLP,a3a.t,5,123,29376,true,156,312,0.704093100,9.326729e-12,0.734613
MOPCGM,a3a.t,5,123,29376,true,2438,4876,10.981098200,9.989170e-12,0.734613
CGPM,a3a.t,5,123,29376,true,581,1301,2.907478300,9.967953e-12,0.734613
STTDFPM,a3a.t,5,123,29376,true,134,389,0.837804300,9.710760e-12,0.734613
SOPP,a4a.t,1,123,27780,true,293,586,1.198926000,9.675829e-12,0.733585
SDLP,a4a.t,1,123,27780,true,157,315,0.616900700,9.737311e-12,0.733585
MOPCGM,a4a.t,1,123,27780,true,2464,4928,9.881387800,9.970085e-12,0.733585
CGPM,a4a.t,1,123,27780,true,633,1427,2.890141700,9.497333e-12,0.733585
STTDFPM,a4a.t,1,123,27780,true,148,431,0.844395100,7.291480e-12,0.733585
SOPP,a4a.t,2,123,27780,true,290,580,1.150181800,9.602781e-12,0.733585
SDLP,a4a.t,2,123,27780,true,155,311,0.637257700,9.479680e-12,0.733585
MOPCGM,a4a.t,2,123,27780,true,2437,4874,11.180182600,9.915804e-12,0.733585
CGPM,a4a.t,2,123,27780,true,627,1410,3.363457800,9.661833e-12,0.733585
STTDFPM,a4a.t,2,123,27780,true,148,422,1.067896700,9.535355e-12,0.733585
SOPP,a4a.t,3,123,27780,true,291,582,1.237324300,9.683825e-12,0.733585
SDLP,a4a.t,3,123,27780,true,156,313,0.701349900,9.323195e-12,0.733585
MOPCGM,a4a.t,3,123,27780,true,2447,4894,11.341261300,9.925970e-12,0.733585
CGPM,a4a.t,3,123,27780,true,624,1405,3.339468200,9.989149e-12,0.733585
STTDFPM,a4a.t,3,123,27780,true,155,452,0.919851700,8.540535e-12,0.733585
SOPP,a4a.t,4,123,27780,true,287,575,1.479971300,9.963720e-12,0.733585
SDLP,a4a.t,4,123,27780,true,154,308,0.820125100,9.740318e-12,0.733585
MOPCGM,a4a.t,4,123,27780,true,2418,4836,12.495259100,9.974686e-12,0.733585
CGPM,a4a.t,4,123,27780,true,614,1379,3.584491200,9.999067e-12,0.733585
STTDFPM,a4a.t,4,123,27780,true,127,377,1.164224400,6.017006e-12,0.733585
SOPP,a4a.t,5,123,27780,true,290,580,1.434642700,9.674534e-12,0.733585
SDLP,a4a.t,5,123,27780,true,156,312,0.635402800,9.308117e-12,0.733585
MOPCGM,a4a.t,5,123,27780,true,2438,4876,10.373619100,9.971686e-12,0.733585
CGPM,a4a.t,5,123,27780,true,592,1327,3.031861000,9.375559e-12,0.733585
STTDFPM,a4a.t,5,123,27780,true,127,373,0.770551500,9.489664e-12,0.733585
SOPP,a5a.t,1,123,26147,true,293,586,1.196891200,9.674884e-12,0.733889
SDLP,a5a.t,1,123,26147,true,157,315,0.596858600,9.731583e-12,0.733889
MOPCGM,a5a.t,1,123,26147,true,2464,4928,9.314833600,9.968043e-12,0.733889
CGPM,a5a.t,1,123,26147,true,629,1418,2.716639500,9.976991e-12,0.733889
STTDFPM,a5a.t,1,123,26147,true,144,411,0.953527800,6.206209e-12,0.733889
SOPP,a5a.t,2,123,26147,true,290,580,1.153276800,9.609232e-12,0.733889
SDLP,a5a.t,2,123,26147,true,155,311,0.625523400,9.482543e-12,0.733889
MOPCGM,a5a.t,2,123,26147,true,2437,4874,9.634028400,9.922387e-12,0.733889
CGPM,a5a.t,2,123,26147,true,624,1403,2.709356300,9.712165e-12,0.733889
STTDFPM,a5a.t,2,123,26147,true,160,439,0.990698700,9.481375e-12,0.733889
SOPP,a5a.t,3,123,26147,true,291,582,1.067103000,9.681205e-12,0.733889
SDLP,a5a.t,3,123,26147,true,156,313,0.568175800,9.315023e-12,0.733889
MOPCGM,a5a.t,3,123,26147,true,2447,4894,9.269309900,9.922622e-12,0.733889
CGPM,a5a.t,3,123,26147,true,622,1400,2.617441400,9.926466e-12,0.733889
STTDFPM,a5a.t,3,123,26147,true,136,378,0.691529400,9.642200e-12,0.733889
SOPP,a5a.t,4,123,26147,true,287,575,1.123152300,9.955102e-12,0.733889
SDLP,a5a.t,4,123,26147,true,154,308,0.587679100,9.732026e-12,0.733889
MOPCGM,a5a.t,4,123,26147,true,2418,4836,9.079899200,9.965842e-12,0.733889
CGPM,a5a.t,4,123,26147,true,611,1373,2.587613900,9.744865e-12,0.733889
STTDFPM,a5a.t,4,123,26147,true,158,439,0.826227000,9.544384e-12,0.733889
SOPP,a5a.t,5,123,26147,true,290,580,1.097531100,9.670120e-12,0.733889
SDLP,a5a.t,5,123,26147,true,156,312,0.575028300,9.302528e-12,0.733889
MOPCGM,a5a.t,5,123,26147,true,2438,4876,9.675737600,9.966991e-12,0.733889
CGPM,a5a.t,5,123,26147,true,583,1306,2.457637900,9.971454e-12,0.733889
STTDFPM,a5a.t,5,123,26147,true,155,424,0.820037900,9.544847e-12,0.733889
SOPP,a6a.t,1,123,21341,true,293,586,0.822518500,9.674049e-12,0.737313
SDLP,a6a.t,1,123,21341,true,157,315,0.474516700,9.728263e-12,0.737313
MOPCGM,a6a.t,1,123,21341,true,2464,4928,6.542315600,9.966967e-12,0.737313
CGPM,a6a.t,1,123,21341,true,619,1395,1.767908800,9.806057e-12,0.737313
STTDFPM,a6a.t,1,123,21341,true,153,426,0.595765600,9.479632e-12,0.737313
SOPP,a6a.t,2,123,21341,true,290,580,0.732457000,9.610445e-12,0.737313
SDLP,a6a.t,2,123,21341,true,155,311,0.449964600,9.484686e-12,0.737313
MOPCGM,a6a.t,2,123,21341,true,2437,4874,6.562928500,9.923490e-12,0.737313
CGPM,a6a.t,2,123,21341,true,610,1372,1.844252000,9.475597e-12,0.737313
STTDFPM,a6a.t,2,123,21341,true,130,372,0.471999600,7.074736e-12,0.737313
SOPP,a6a.t,3,123,21341,true,291,582,0.734634100,9.689987e-12,0.737313
SDLP,a6a.t,3,123,21341,true,156,313,0.441139800,9.329160e-12,0.737313
MOPCGM,a6a.t,3,123,21341,true,2447,4894,6.847643700,9.931832e-12,0.737313
CGPM,a6a.t,3,123,21341,true,608,1369,1.895855000,9.657681e-12,0.737313
STTDFPM,a6a.t,3,123,21341,true,141,437,0.570264500,7.902629e-12,0.737313
SOPP,a6a.t,4,123,21341,true,287,575,0.727014700,9.957370e-12,0.737313
SDLP,a6a.t,4,123,21341,true,154,308,0.407744300,9.732002e-12,0.737313
MOPCGM,a6a.t,4,123,21341,true,2418,4836,6.768545500,9.968599e-12,0.737313
CGPM,a6a.t,4,123,21341,true,608,1363,1.803829300,9.811570e-12,0.737313
STTDFPM,a6a.t,4,123,21341,true,143,387,0.473725400,8.460243e-12,0.737313
SOPP,a6a.t,5,123,21341,true,290,580,0.812234600,9.666898e-12,0.737313
SDLP,a6a.t,5,123,21341,true,156,312,0.386988100,9.303152e-12,0.737313
MOPCGM,a6a.t,5,123,21341,true,2438,4876,6.463499700,9.963784e-12,0.737313
CGPM,a6a.t,5,123,21341,true,721,1583,2.088852100,9.997135e-12,0.737313
STTDFPM,a6a.t,5,123,21341,true,148,413,0.549918500,6.725820e-12,0.737313
SOPP,a7a.t,1,123,16461,true,293,586,0.486948700,9.672762e-12,0.738048
SDLP,a7a.t,1,123,16461,true,157,315,0.266098300,9.736556e-12,0.738048
MOPCGM,a7a.t,1,123,16461,true,2464,4928,4.260090200,9.966318e-12,0.738048
CGPM,a7a.t,1,123,16461,true,628,1416,1.346736500,9.730381e-12,0.738048
STTDFPM,a7a.t,1,123,16461,true,153,427,0.301657700,9.550929e-12,0.738048
SOPP,a7a.t,2,123,16461,true,290,580,0.547881100,9.611491e-12,0.738048
SDLP,a7a.t,2,123,16461,true,155,311,0.263895900,9.487156e-12,0.738048
MOPCGM,a7a.t,2,123,16461,true,2437,4874,3.876015100,9.925524e-12,0.738048
CGPM,a7a.t,2,123,16461,true,623,1401,1.179547200,9.385475e-12,0.738048
STTDFPM,a7a.t,2,123,16461,true,141,420,0.332177000,9.490674e-12,0.738048
SOPP,a7a.t,3,123,16461,true,291,582,0.466257000,9.696321e-12,0.738048
SDLP,a7a.t,3,123,16461,true,156,313,0.268409200,9.330552e-12,0.738048
MOPCGM,a7a.t,3,123,16461,true,2447,4894,4.079127100,9.939055e-12,0.738048
CGPM,a7a.t,3,123,16461,true,621,1398,1.159159500,9.884888e-12,0.738048
STTDFPM,a7a.t,3,123,16461,true,141,398,0.310165100,9.691227e-12,0.738048
SOPP,a7a.t,4,123,16461,true,287,575,0.433126900,9.950950e-12,0.738048
SDLP,a7a.t,4,123,16461,true,154,308,0.255068400,9.717782e-12,0.738048
MOPCGM,a7a.t,4,123,16461,true,2418,4836,3.912775100,9.959891e-12,0.738048
CGPM,a7a.t,4,123,16461,true,611,1373,1.087885900,9.921761e-12,0.738048
STTDFPM,a7a.t,4,123,16461,true,137,401,0.352614800,9.037462e-12,0.738048
SOPP,a7a.t,5,123,16461,true,290,580,0.510463900,9.685276e-12,0.738048
SDLP,a7a.t,5,123,16461,true,156,312,0.235510400,9.315477e-12,0.738048
MOPCGM,a7a.t,5,123,16461,true,2438,4876,4.043758300,9.982450e-12,0.738048
CGPM,a7a.t,5,123,16461,true,600,1346,1.087907300,9.755081e-12,0.738048
STTDFPM,a7a.t,5,123,16461,true,142,406,0.345088900,8.789885e-12,0.738048
SOPP,a8a.t,1,123,9865,true,293,587,0.184840000,9.771195e-12,0.742321
SDLP,a8a.t,1,123,9865,true,158,316,0.089352800,9.639334e-12,0.742321
MOPCGM,a8a.t,1,123,9865,true,2469,4938,1.336520700,9.981973e-12,0.742321
CGPM,a8a.t,1,123,9865,true,646,1457,0.396115700,9.800980e-12,0.742321
STTDFPM,a8a.t,1,123,9865,true,137,396,0.105752100,8.575778e-12,0.742321
SOPP,a8a.t,2,123,9865,true,290,580,0.178872500,9.744520e-12,0.742321
SDLP,a8a.t,2,123,9865,true,155,311,0.094596100,9.653923e-12,0.742321
MOPCGM,a8a.t,2,123,9865,true,2438,4876,1.354768500,9.970036e-12,0.742321
CGPM,a8a.t,2,123,9865,true,639,1437,0.404547200,9.957237e-12,0.742321
STTDFPM,a8a.t,2,123,9865,true,130,389,0.125018400,7.916588e-12,0.742321
SOPP,a8a.t,3,123,9865,true,291,582,0.154581400,9.734472e-12,0.742321
SDLP,a8a.t,3,123,9865,true,156,313,0.117631900,9.352020e-12,0.742321
MOPCGM,a8a.t,3,123,9865,true,2447,4894,1.591396500,9.979716e-12,0.742321
CGPM,a8a.t,3,123,9865,true,639,1439,1.190903100,9.924787e-12,0.742321
STTDFPM,a8a.t,3,123,9865,true,143,441,0.181957400,7.689530e-12,0.742321
SOPP,a8a.t,4,123,9865,true,288,577,0.386840900,9.969643e-12,0.742321
SDLP,a8a.t,4,123,9865,true,155,310,0.210635500,9.372063e-12,0.742321
MOPCGM,a8a.t,4,123,9865,true,2427,4854,3.080849300,9.980154e-12,0.742321
CGPM,a8a.t,4,123,9865,true,629,1414,0.506123500,9.867160e-12,0.742321
STTDFPM,a8a.t,4,123,9865,true,134,380,0.235802300,9.325070e-12,0.742321
SOPP,a8a.t,5,123,9865,true,290,581,0.268386200,9.741946e-12,0.742321
SDLP,a8a.t,5,123,9865,true,156,312,0.095095900,9.917803e-12,0.742321
MOPCGM,a8a.t,5,123,9865,true,2443,4886,1.546918200,9.956503e-12,0.742321
CGPM,a8a.t,5,123,9865,true,608,1363,0.381013800,9.968595e-12,0.742321
STTDFPM,a8a.t,5,123,9865,true,144,408,0.111920000,9.471430e-12,0.742321
SOPP,a9a.t,1,123,16281,true,293,587,0.524513200,9.747272e-12,0.730545
SDLP,a9a.t,1,123,16281,true,158,316,0.382282800,9.648145e-12,0.730545
MOPCGM,a9a.t,1,123,16281,true,2469,4938,5.204284000,9.958504e-12,0.730545
CGPM,a9a.t,1,123,16281,true,650,1467,1.159959900,9.845252e-12,0.730545
STTDFPM,a9a.t,1,123,16281,true,156,433,0.426565300,9.066034e-12,0.730545
SOPP,a9a.t,2,123,16281,true,290,580,0.430552000,9.754112e-12,0.730545
SDLP,a9a.t,2,123,16281,true,155,311,0.263793600,9.690341e-12,0.730545
MOPCGM,a9a.t,2,123,16281,true,2438,4876,4.018449600,9.982567e-12,0.730545
CGPM,a9a.t,2,123,16281,true,650,1462,1.139332900,9.414512e-12,0.730545
STTDFPM,a9a.t,2,123,16281,true,156,435,0.320313400,8.517335e-12,0.730545
SOPP,a9a.t,3,123,16281,true,291,582,0.476393100,9.733929e-12,0.730545
SDLP,a9a.t,3,123,16281,true,156,313,0.220468000,9.380519e-12,0.730545
MOPCGM,a9a.t,3,123,16281,true,2447,4894,3.755431300,9.982119e-12,0.730545
CGPM,a9a.t,3,123,16281,true,647,1457,1.145582900,9.864183e-12,0.730545
STTDFPM,a9a.t,3,123,16281,true,145,419,0.331420000,9.447898e-12,0.730545
SOPP,a9a.t,4,123,16281,true,288,577,0.450183200,9.896414e-12,0.730545
SDLP,a9a.t,4,123,16281,true,155,310,0.240275600,9.312905e-12,0.730545
MOPCGM,a9a.t,4,123,16281,true,2427,4854,3.731077600,9.908123e-12,0.730545
CGPM,a9a.t,4,123,16281,true,637,1432,1.126759600,9.590422e-12,0.730545
STTDFPM,a9a.t,4,123,16281,true,148,424,0.304855200,8.366495e-12,0.730545
SOPP,a9a.t,5,123,16281,true,290,581,0.432342000,9.738769e-12,0.730545
SDLP,a9a.t,5,123,16281,true,156,312,0.224825600,9.912239e-12,0.730545
MOPCGM,a9a.t,5,123,16281,true,2443,4886,3.741547500,9.952305e-12,0.730545
CGPM,a9a.t,5,123,16281,true,617,1383,0.976233400,9.962219e-12,0.730545
STTDFPM,a9a.t,5,123,16281,true,149,421,0.290626300,9.038485e-12,0.730545
SOPP,colon-cancer,1,2000,62,true,2877,23416,1.423458400,9.918076e-12,1.000000
SDLP,colon-cancer,1,2000,62,true,1163,4758,0.276755700,9.786604e-12,1.000000
MOPCGM,colon-cancer,1,2000,62,false,627,1421,0.276712100,5.422506e+00,NaN
CGPM,colon-cancer,1,2000,62,true,4529,27343,1.750451100,9.840839e-12,1.000000
STTDFPM,colon-cancer,1,2000,62,true,1318,3753,0.237064100,9.957456e-12,1.000000
SOPP,colon-cancer,2,2000,62,true,2259,8494,0.771995600,9.960977e-12,1.000000
SDLP,colon-cancer,2,2000,62,true,1159,4692,0.317518500,9.989685e-12,1.000000
MOPCGM,colon-cancer,2,2000,62,true,3242,7286,0.476744500,9.980290e-12,1.000000
CGPM,colon-cancer,2,2000,62,false,5000,31762,2.123526600,1.509805e-10,NaN
STTDFPM,colon-cancer,2,2000,62,true,1225,3428,0.215673900,9.789142e-12,1.000000
SOPP,colon-cancer,3,2000,62,true,2127,7675,0.471850800,9.977849e-12,1.000000
SDLP,colon-cancer,3,2000,62,true,1164,4744,0.288939500,9.826403e-12,1.000000
MOPCGM,colon-cancer,3,2000,62,true,3087,8566,0.701102200,9.988439e-12,1.000000
CGPM,colon-cancer,3,2000,62,false,5000,31249,1.918127700,2.282473e-11,NaN
STTDFPM,colon-cancer,3,2000,62,true,1221,3403,0.205836000,9.913964e-12,1.000000
SOPP,colon-cancer,4,2000,62,true,2229,8238,0.732945800,9.691438e-12,1.000000
SDLP,colon-cancer,4,2000,62,true,1210,5006,0.303820200,9.953513e-12,1.000000
MOPCGM,colon-cancer,4,2000,62,true,3417,10017,0.654755400,9.926912e-12,1.000000
CGPM,colon-cancer,4,2000,62,false,5000,31358,2.034023500,6.245568e-11,NaN
STTDFPM,colon-cancer,4,2000,62,true,1314,3846,0.231448300,9.634694e-12,1.000000
SOPP,colon-cancer,5,2000,62,true,1470,7224,0.433710700,9.871058e-12,1.000000
SDLP,colon-cancer,5,2000,62,true,1136,4600,0.277661700,9.551454e-12,1.000000
MOPCGM,colon-cancer,5,2000,62,true,3152,10547,0.852426500,9.982543e-12,1.000000
CGPM,colon-cancer,5,2000,62,false,5000,31332,1.838466500,4.602184e-11,NaN
STTDFPM,colon-cancer,5,2000,62,true,1321,3771,0.397738300,9.018682e-12,1.000000
SOPP,w1a.t,1,300,47272,true,728,2040,21.053333100,9.105731e-12,0.911956
SDLP,w1a.t,1,300,47272,true,719,2734,28.364407500,9.615200e-12,0.911956
MOPCGM,w1a.t,1,300,47272,true,2491,4982,51.214247800,9.991764e-12,0.911956
CGPM,w1a.t,1,300,47272,true,3008,15687,163.255234200,9.876918e-12,0.911956
STTDFPM,w1a.t,1,300,47272,true,862,2284,23.964874000,9.905291e-12,0.911956
SOPP,w1a.t,2,300,47272,true,772,2224,23.143974300,9.878394e-12,0.911956
SDLP,w1a.t,2,300,47272,true,711,2735,28.129562700,9.755489e-12,0.911956
MOPCGM,w1a.t,2,300,47272,true,2485,4970,51.516980900,9.987642e-12,0.911956
CGPM,w1a.t,2,300,47272,true,2859,15355,159.643778600,9.776602e-12,0.911956
STTDFPM,w1a.t,2,300,47272,true,847,2332,24.065997100,9.889094e-12,0.911956
SOPP,w1a.t,3,300,47272,true,808,2388,24.924199300,9.683734e-12,0.911956
SDLP,w1a.t,3,300,47272,true,716,2728,28.253542000,9.768170e-12,0.911956
MOPCGM,w1a.t,3,300,47272,true,2502,5004,52.143722100,9.900131e-12,0.911956
CGPM,w1a.t,3,300,47272,true,3215,16773,174.253281900,9.965622e-12,0.911956
STTDFPM,w1a.t,3,300,47272,true,896,2411,24.894774000,9.924062e-12,0.911956
SOPP,w1a.t,4,300,47272,true,799,2291,24.418502900,9.736666e-12,0.911956
SDLP,w1a.t,4,300,47272,true,717,2758,28.724449000,9.671639e-12,0.911956
MOPCGM,w1a.t,4,300,47272,true,2494,4988,51.325706800,9.970393e-12,0.911956
CGPM,w1a.t,4,300,47272,true,2202,11830,122.524016100,9.895954e-12,0.911956
STTDFPM,w1a.t,4,300,47272,true,871,2376,24.522845000,9.338668e-12,0.911956
SOPP,w1a.t,5,300,47272,true,699,1905,19.614681900,9.984271e-12,0.911956
SDLP,w1a.t,5,300,47272,true,706,2722,28.641330100,9.649306e-12,0.911956
MOPCGM,w1a.t,5,300,47272,true,2490,4980,51.472694400,9.904249e-12,0.911956
CGPM,w1a.t,5,300,47272,true,2335,12541,134.134691200,9.875395e-12,0.911956
STTDFPM,w1a.t,5,300,47272,true,853,2316,24.119867500,9.539139e-12,0.911956
SOPP,w2a.t,1,300,46279,true,780,2236,22.966049400,9.469143e-12,0.911753
SDLP,w2a.t,1,300,46279,true,733,2766,27.942217200,9.613264e-12,0.911753
MOPCGM,w2a.t,1,300,46279,true,2491,4982,50.505086200,9.997491e-12,0.911753
CGPM,w2a.t,1,300,46279,true,2875,14987,151.952636600,9.881191e-12,0.911753
STTDFPM,w2a.t,1,300,46279,true,856,2318,23.620083100,9.835322e-12,0.911753
SOPP,w2a.t,2,300,46279,true,774,2239,22.523415200,9.649221e-12,0.911753
SDLP,w2a.t,2,300,46279,true,726,2745,27.872686500,9.670665e-12,0.911753
MOPCGM,w2a.t,2,300,46279,true,2486,4972,51.237343600,9.949687e-12,0.911753
CGPM,w2a.t,2,300,46279,true,2550,13151,132.565883400,9.977615e-12,0.911753
STTDFPM,w2a.t,2,300,46279,true,879,2344,23.678707800,9.855691e-12,0.911753
SOPP,w2a.t,3,300,46279,true,799,2316,23.304905900,9.967024e-12,0.911753
SDLP,w2a.t,3,300,46279,true,735,2774,27.974937200,9.602256e-12,0.911753
MOPCGM,w2a.t,3,300,46279,true,2502,5004,50.464170900,9.915398e-12,0.911753
CGPM,w2a.t,3,300,46279,true,3075,16038,160.788654900,9.936130e-12,0.911753
STTDFPM,w2a.t,3,300,46279,true,874,2365,23.888790200,8.975121e-12,0.911753
SOPP,w2a.t,4,300,46279,true,808,2368,23.895279300,9.738951e-12,0.911753
SDLP,w2a.t,4,300,46279,true,727,2759,27.654632500,9.890634e-12,0.911753
MOPCGM,w2a.t,4,300,46279,true,2495,4990,50.256133300,9.904269e-12,0.911753
CGPM,w2a.t,4,300,46279,true,2132,11450,114.519395600,9.822293e-12,0.911753
STTDFPM,w2a.t,4,300,46279,true,863,2353,23.914952700,9.755297e-12,0.911753
SOPP,w2a.t,5,300,46279,true,735,2084,21.172517200,9.680237e-12,0.911753
SDLP,w2a.t,5,300,46279,true,726,2769,28.313686700,9.594883e-12,0.911753
MOPCGM,w2a.t,5,300,46279,true,2489,4978,50.381802600,9.997376e-12,0.911753
CGPM,w2a.t,5,300,46279,true,2334,12541,126.331929700,9.783461e-12,0.911753
STTDFPM,w2a.t,5,300,46279,true,869,2313,23.504940300,9.442616e-12,0.911753
